{
    "maxs": 3298.507497854897,
    "mins": 148.09955967747644,
    "avgs": 1458.5834384090024,
    "meds": 1586.821623231086,
    "upqs": 572.4908309333385,
    "lwqs": 2114.587164704384,
    "all_avgs": [
        1561.4489781904713,
        1406.1186867136512,
        1574.0776911955888,
        1619.156457963127,
        1333.8544466636179,
        1219.3806442812247,
        1322.9783013641622,
        1450.6210569574264,
        1232.4412723037055,
        1522.938602667647,
        1234.4127345843963,
        1500.6604266854442,
        1616.6107226320687,
        1612.9180156644786,
        1426.374464303406,
        1577.3325446785625,
        1588.816510748189,
        1491.0308737264245,
        1411.0202399354107,
        1351.3005923476128,
        1576.7589429824332
    ]
}