{
    "maxs": 3347.7922372258736,
    "mins": 151.2106075762386,
    "avgs": 1507.108327155152,
    "meds": 1646.6394118392893,
    "upqs": 617.4509965089524,
    "lwqs": 2172.4679219390327,
    "all_avgs": [
        1465.4365247520175,
        1644.445899205857,
        1512.771723166741,
        1645.7198860293136,
        1612.296754446016,
        1651.0686930541865,
        1465.7464761374206,
        1552.0096587866,
        1302.3030176031818,
        1311.0157196055236,
        1402.1049014225255,
        1410.7603433040797,
        1399.7506427878259,
        1455.904918781277,
        1454.631048818022,
        1599.502062282629,
        1499.6232751245295,
        1762.459729164367,
        1636.1357938597946,
        1432.2284308971873,
        1433.3593710290972
    ]
}