{
    "maxs": 3280.0097989430915,
    "mins": 151.55527254882858,
    "avgs": 1484.9240930541687,
    "meds": 1642.0422032408876,
    "upqs": 591.3819120988192,
    "lwqs": 2138.0452053927006,
    "all_avgs": [
        1515.7669123674,
        1446.3654613074737,
        1391.6661803978923,
        1512.5364509504557,
        1323.3182008321214,
        1461.3161411514834,
        1460.1218768096066,
        1486.5966080669389,
        1621.1325700546627,
        1710.8564821234975,
        1360.0510582908912,
        1326.6806474294735,
        1485.3437412570156,
        1376.7083389725385,
        1576.1282627232279,
        1439.4541546861417,
        1524.4188505290977,
        1540.0104116014163,
        1430.8548912919493,
        1584.4039182470526,
        1609.6747950472063
    ]
}